id,forecastVolum
1,253
2,310
3,161
4,250
5,368
6,172
7,437
8,183
9,2219
10,328
11,644
12,170
13,325
14,321
15,622
16,390
17,312
18,276
19,584
20,107
21,289
22,243
23,363
24,356
25,280
26,245
27,692
28,486
29,991
30,384
31,5739
32,787
33,1578
34,429
35,911
36,816
37,1462
38,784
39,603
40,1063
41,1323
42,240
43,387
44,621
45,150
46,310
47,210
48,314
49,377
50,137
51,368
52,168
53,1338
54,188
55,425
56,124
57,381
58,294
59,407
60,250
61,223
62,115
63,470
64,149
65,246
66,237
67,150
68,290
69,159
70,110
71,394
72,244
73,377
74,178
75,3335
76,402
77,879
78,329
79,418
80,495
81,1082
82,510
83,516
84,575
85,435
86,130
87,250
88,194
89,205
90,2917
91,550
92,115
93,1280
94,1646
95,3247
96,1631
97,1504
98,1921
99,1878
100,774
101,3401
102,3566
103,1486
104,1271
105,1379
106,423
107,1022
108,279
109,1813
110,461
111,360
112,503
113,541
114,81
115,998
116,1146
117,1838
118,626
119,4340
120,627
121,1432
122,803
123,2161
124,2480
125,1045
126,1183
127,1319
128,381
129,385
130,569
131,592
132,422
133,1048
134,237
135,197
136,1113
137,349
138,389
139,1171
140,337
141,1125
142,144
143,1094
144,229
145,756
146,864
147,921
148,322
149,227
150,213
151,370
152,150
153,351
154,240
155,344
156,95
157,48
158,91
159,309
160,455
161,338
162,67
163,345
164,125
165,894
166,238
167,211
168,339
169,569
170,260
171,244
172,159
173,64
174,90
175,150
176,29
177,845
178,339
179,307
180,384
181,893
182,936
183,1107
184,423
185,928
186,325
187,1351
188,919
189,723
190,1037
191,922
192,1023
193,1002
194,433
195,321
196,408
197,394
198,154
199,797
200,426
201,397
202,84
203,1448
204,2162
205,3289
206,812
207,1510
208,793
209,3330
210,1834
211,2026
212,2964
213,2396
214,1595
215,1540
216,1022
217,446
218,484
219,718
220,170
221,115
222,377
223,265
224,204
225,988
226,745
227,1694
228,691
229,1337
230,696
231,970
232,776
233,1417
234,2260
235,1921
236,867
237,957
238,653
239,229
240,526
241,1401
242,125
243,62
244,479
245,337
246,62
247,885
248,617
249,1339
250,876
251,1094
252,588
253,595
254,594
255,1621
256,1566
257,656
258,567
259,760
260,299
261,394
262,402
263,925
264,287
265,103
266,973
267,626
268,59
269,1458
270,1169
271,2092
272,891
273,1070
274,672
275,1231
276,971
277,2123
278,2165
279,987
280,1115
281,1047
282,496
283,341
284,483
285,826
286,536
287,331
288,1441
289,971
290,273
291,2537
292,2106
293,3512
294,957
295,2379
296,882
297,2903
298,1419
299,2681
300,4337
301,2297
302,1818
303,2007
304,827
305,1041
306,943
307,1159
308,665
309,556
310,446
311,471
312,678
313,741
314,969
315,1219
316,640
317,487
318,156
319,1369
320,371
321,1366
322,1135
323,704
324,338
325,489
326,245
327,162
328,380
329,536
330,81
331,54
332,1086
333,804
334,238
335,2131
336,412
337,2681
338,1005
339,1654
340,416
341,702
342,363
343,2755
344,1665
345,590
346,453
347,962
348,440
349,1032
350,196
351,697
352,1249
353,1377
354,1238
355,604
356,338
357,2192
358,2207
359,3119
360,1289
361,1310
362,556
363,3335
364,1514
365,3411
366,3724
367,1727
368,1399
369,1807
370,1071
371,592
372,841
373,1230
374,289
375,279
376,730
377,792
378,94
379,1282
380,1186
381,3720
382,1823
383,522
384,241
385,1336
386,422
387,3791
388,2190
389,607
390,267
391,483
392,323
393,872
394,310
395,891
396,650
397,311
398,437
399,497
400,821
401,1016
402,666
403,1641
404,457
405,925
406,296
407,1188
408,394
409,1589
410,1458
411,822
412,585
413,545
414,477
415,702
416,397
417,547
418,793
419,289
420,204
421,71
422,99
423,275
424,329
425,456
426,58
427,387
428,108
429,549
430,240
431,270
432,261
433,543
434,241
435,315
436,178
437,115
438,150
439,113
440,100
441,419
442,528
443,545
444,320
445,1735
446,1225
447,1889
448,561
449,992
450,342
451,2292
452,582
453,2575
454,2343
455,1694
456,784
457,727
458,567
459,698
460,379
461,616
462,584
463,607
464,233
465,244
466,406
467,558
468,552
469,1289
470,212
471,549
472,162
473,1543
474,281
475,1170
476,943
477,1368
478,333
479,330
480,284
481,237
482,97
483,322
484,238
485,31
486,45
487,59
488,31
489,134
490,355
491,597
492,252
493,76
494,75
495,188
496,68
497,559
498,320
499,59
500,143
501,141
502,33
503,118
504,66
505,114
506,80
507,524
508,221
509,79
510,510
511,514
512,310
513,443
514,102
515,1013
516,141
517,1186
518,206
519,310
520,300
521,1085
522,302
523,267
524,397
525,211
526,227
527,196
528,60
529,295
530,166
531,91
532,228
533,325
534,217
535,301
536,95
537,515
538,116
539,706
540,147
541,204
542,213
543,653
544,249
545,207
546,251
547,131
548,136
549,133
550,56
551,532
552,236
553,112
554,609
555,447
556,253
557,450
558,145
559,977
560,148
561,937
562,189
563,268
564,257
565,858
566,352
567,253
568,308
569,226
570,195
571,192
572,75
573,158
574,45
575,22
576,109
577,111
578,91
579,184
580,27
581,158
582,31
583,378
584,35
585,110
586,94
587,365
588,64
589,62
590,44
591,50
592,29
593,55
594,16
595,594
596,214
597,168
598,488
599,594
600,429
601,582
602,161
603,795
604,144
605,1219
606,294
607,449
608,418
609,1362
610,406
611,400
612,260
613,405
614,201
615,321
616,142
617,340
618,162
619,121
620,213
621,313
622,241
623,419
624,114
625,541
626,119
627,800
628,168
629,277
630,240
631,855
632,323
633,256
634,214
635,122
636,104
637,128
638,63
639,432
640,221
641,150
642,699
643,472
644,320
645,555
646,137
647,1072
648,170
649,1012
650,261
651,412
652,372
653,1084
654,423
655,397
656,282
657,345
658,159
659,266
660,114
661,527
662,245
663,76
664,488
665,485
666,377
667,436
668,86
669,1103
670,155
671,1137
672,201
673,375
674,347
675,1491
676,298
677,364
678,302
679,221
680,209
681,212
682,73
683,211
684,661
685,166
686,96
687,425
688,1084
689,2020
690,539
691,2818
692,1905
693,1634
694,508
695,1382
696,3578
697,882
698,527
699,918
700,332
701,497
702,161
703,718
704,382
705,537
706,249
707,357
708,58
709,654
710,390
711,881
712,238
713,205
714,96
715,1112
716,336
717,713
718,625
719,605
720,231
721,399
722,247
723,85
724,117
725,714
726,90
727,476
728,161
729,69
730,103
731,189
732,142
733,317
734,73
735,121
736,43
737,450
738,78
739,222
740,234
741,293
742,99
743,136
744,98
745,48
746,93
747,128
748,39
749,222
750,84
751,109
752,414
753,478
754,254
755,747
756,225
757,1916
758,311
759,802
760,275
761,526
762,336
763,687
764,626
765,463
766,608
767,259
768,317
769,206
770,103
771,201
772,331
773,430
774,511
775,747
776,249
777,724
778,335
779,1728
780,313
781,568
782,299
783,903
784,683
785,572
786,1098
787,566
788,361
789,643
790,428
791,510
792,330
793,83
794,150
795,120
796,47
797,354
798,201
799,282
800,105
801,793
802,207
803,509
804,291
805,276
806,422
807,494
808,218
809,355
810,209
811,167
812,125
813,104
814,81
815,264
816,300
817,469
818,239
819,1023
820,676
821,2575
822,1154
823,5672
824,1925
825,2239
826,1366
827,2154
828,1917
829,1306
830,1241
831,1534
832,1127
833,1439
834,426
835,387
836,786
837,211
838,339
839,304
840,304
841,385
842,425
843,907
844,409
845,2320
846,288
847,706
848,328
849,784
850,1052
851,765
852,1063
853,489
854,433
855,680
856,179
857,351
858,415
859,151
860,286
861,224
862,125
863,336
864,380
865,573
866,285
867,1721
868,273
869,748
870,315
871,525
872,646
873,736
874,731
875,350
876,401
877,377
878,134
879,218
880,257
881,140
882,12
883,24
884,184
885,33
886,49
887,238
888,95
889,660
890,20
891,285
892,29
893,212
894,139
895,342
896,48
897,30
898,56
899,107
900,17
901,20
902,36
903,214
904,287
905,144
906,137
907,425
908,283
909,636
910,221
911,2631
912,294
913,697
914,282
915,560
916,440
917,817
918,524
919,436
920,535
921,356
922,147
923,174
924,158
925,333
926,124
927,206
928,374
929,349
930,309
931,840
932,379
933,2049
934,132
935,858
936,222
937,778
938,573
939,1224
940,488
941,455
942,424
943,789
944,134
945,204
946,406
947,218
948,54
949,51
950,275
951,197
952,108
953,195
954,39
955,311
956,29
957,200
958,58
959,137
960,107
961,102
962,114
963,110
964,87
965,85
966,103
967,97
968,51
969,109
970,80
971,60
972,12
973,157
974,374
975,380
976,107
977,349
978,53
979,544
980,313
981,280
982,494
983,629
984,238
985,207
986,151
987,38
988,22
989,72
990,28
991,29
992,81
993,46
994,34
995,120
996,182
997,341
998,25
999,98
1000,19
1001,299
1002,122
1003,278
1004,274
1005,339
1006,183
1007,225
1008,81
1009,85
1010,26
1011,103
1012,49
1013,332
1014,116
1015,49
1016,122
1017,722
1018,635
1019,711
1020,139
1021,904
1022,175
1023,1698
1024,457
1025,490
1026,1523
1027,1388
1028,452
1029,496
1030,407
1031,139
1032,287
1033,242
1034,60
1035,43
1036,164
1037,346
1038,30
1039,425
1040,259
1041,1322
1042,777
1043,323
1044,258
1045,380
1046,170
1047,1688
1048,945
1049,576
1050,184
1051,270
1052,228
1053,549
1054,77
1055,326
1056,354
1057,338
1058,278
1059,231
1060,220
1061,568
1062,882
1063,812
1064,237
1065,659
1066,153
1067,1164
1068,622
1069,851
1070,1319
1071,1514
1072,569
1073,474
1074,298
1075,159
1076,219
1077,363
1078,91
1079,157
1080,179
1081,42
1082,48
1083,309
1084,287
1085,460
1086,79
1087,391
1088,124
1089,659
1090,203
1091,468
1092,407
1093,439
1094,204
1095,180
1096,233
1097,65
1098,114
1099,152
1100,41
1123,408
1124,234
1125,55
1126,82
1127,697
1128,712
1129,480
1130,70
1131,1337
1132,250
1133,1237
1134,412
1135,443
1136,608
1137,1042
1138,472
1139,430
1140,544
1141,98
1142,342
1143,190
1144,55
1145,260
1146,301
1147,166
1148,359
1149,496
1150,214
1151,548
1152,148
1153,914
1154,149
1155,478
1156,153
1157,471
1158,439
1159,356
1160,257
1161,335
1162,148
1163,194
1164,332
1165,210
1166,213
1167,207
1168,298
1169,169
1170,71
1171,663
1172,1194
1173,905
1174,320
1175,790
1176,448
1177,1123
1178,455
1179,730
1180,1697
1181,506
1182,358
1183,774
1184,415
1185,137
1186,323
1187,682
1188,91
1189,31
1190,73
1191,132
1192,23
1193,122
1194,156
1195,352
1196,79
1197,35
1198,16
1199,89
1200,122
1201,194
1202,317
1203,58
1204,154
1205,490
1206,16
1207,57
1208,84
1209,298
1210,83
1211,94
1212,446
1213,448
1214,94
1215,1224
1216,458
1217,808
1218,898
1219,587
1220,273
1221,662
1222,377
1223,1598
1224,1228
1225,422
1226,337
1227,557
1228,220
1229,165
1230,680
1231,815
1232,137
1233,337
1234,862
1235,824
1236,238
1237,1875
1238,807
1239,1086
1240,627
1241,1289
1242,369
1243,1542
1244,500
1245,1563
1246,2094
1247,1322
1248,694
1249,1200
1250,436
1251,236
1252,1485
1253,973
1254,221
1255,25
1256,674
1257,40
1258,103
1259,375
1260,114
1261,309
1262,95
1263,380
1264,25
1265,389
1266,58
1267,472
1268,529
1269,274
1270,296
1271,202
1272,79
1273,144
1274,441
1275,127
1276,27
1277,74
1278,174
1279,127
1280,92
1281,522
1282,199
1283,336
1284,181
1285,268
1286,169
1287,384
1288,152
1289,583
1290,455
1291,209
1292,71
1293,246
1294,107
1295,26
1296,600
1297,405
1298,11
1299,706
1300,71
1301,81
1302,36
1303,419
1304,475
1305,411
1306,200
1307,403
1308,161
1309,819
1310,370
1311,336
1312,991
1313,361
1314,377
1315,379
1316,120
1317,49
1318,63
1319,217
1320,14
1321,116
1322,99
1323,64
1324,61
1325,207
1326,171
1327,152
1328,33
1329,519
1330,165
1331,352
1332,98
1333,121
1334,126
1335,323
1336,209
1337,266
1338,111
1339,89
1340,111
1341,236
1342,49
1343,215
1344,248
1345,126
1346,208
1347,292
1348,141
1349,332
1350,150
1351,1619
1352,273
1353,530
1354,120
1355,275
1356,257
1357,503
1358,299
1359,218
1360,210
1361,470
1362,82
1363,224
1364,210
1365,296
1366,296
1367,223
1368,194
1369,542
1370,390
1371,770
1372,312
1373,4235
1374,605
1375,1405
1376,331
1377,724
1378,643
1379,1230
1380,603
1381,465
1382,802
1383,1166
1384,199
1385,308
1386,544
1387,116
1388,242
1389,162
1390,250
1391,265
1392,106
1393,275
1394,122
1395,940
1396,142
1397,318
1398,88
1399,284
1400,234
1401,311
1402,192
1403,171
1404,80
1405,364
1406,116
1407,216
1408,195
1409,122
1410,207
1411,128
1412,87
1413,288
1414,190
1415,289
1416,146
1417,2266
1418,302
1419,727
1420,247
1421,340
1422,392
1423,844
1424,364
1425,378
1426,400
1427,326
1428,106
1429,191
1430,143
1431,182
1432,2387
1433,417
1434,85
1435,1001
1436,1319
1437,2513
1438,1210
1439,1168
1440,1375
1441,1618
1442,594
1443,2642
1444,2590
1445,1326
1446,986
1447,1068
1448,353
1449,767
1450,227
1451,1294
1452,382
1453,244
1454,379
1455,372
1456,49
1457,716
1458,818
1459,1281
1460,468
1461,2849
1462,466
1463,1083
1464,568
1465,1632
1466,1727
1467,671
1468,811
1469,965
1470,263
1471,277
1472,383
1473,407
1474,294
1475,760
1476,234
1477,172
1478,800
1479,291
1480,320
1481,878
1482,259
1483,839
1484,120
1485,873
1486,190
1487,624
1488,686
1489,762
1490,255
1491,185
1492,178
1493,315
1494,140
1495,284
1496,205
1497,214
1498,63
1499,32
1500,62
1501,234
1502,283
1503,233
1504,42
1505,211
1506,79
1507,611
1508,152
1509,156
1510,235
1511,380
1512,180
1513,159
1514,98
1515,42
1516,60
1517,98
1518,21
1519,587
1520,266
1521,229
1522,272
1523,607
1524,642
1525,686
1526,299
1527,523
1528,220
1529,1005
1530,601
1531,507
1532,665
1533,600
1534,670
1535,628
1536,292
1537,231
1538,264
1539,272
1540,123
1541,633
1542,361
1543,303
1544,60
1545,1189
1546,1607
1547,2402
1548,654
1549,1101
1550,622
1551,2708
1552,1279
1553,1622
1554,2109
1555,1846
1556,1111
1557,1138
1558,766
1559,350
1560,384
1561,523
1562,149
1563,75
1564,289
1565,189
1566,165
1567,687
1568,514
1569,1196
1570,461
1571,836
1572,468
1573,731
1574,522
1575,1038
1576,1474
1577,1247
1578,578
1579,604
1580,428
1581,186
1582,366
1583,820
1584,104
1585,46
1586,330
1587,229
1588,45
1589,626
1590,429
1591,981
1592,615
1593,749
1594,365
1595,461
1596,385
1597,1171
1598,1049
1599,463
1600,363
1601,494
1602,221
1603,293
1604,278
1605,616
1606,225
1607,79
1608,699
1609,450
1610,45
1611,1162
1612,825
1613,1446
1614,675
1615,693
1616,466
1617,973
1618,649
1619,1588
1620,1497
1621,690
1622,753
1623,699
1624,360
1625,259
1626,346
1627,586
1628,408
1629,224
1630,994
1631,600
1632,171
1633,1430
1634,1248
1635,2102
1636,623
1637,1261
1638,540
1639,1944
1640,857
1641,1761
1642,2596
1643,1418
1644,1021
1645,1154
1646,542
1647,709
1648,585
1649,660
1650,484
1651,379
1652,333
1653,328
1654,479
1655,511
1656,651
1657,843
1658,446
1659,301
1660,113
1661,1063
1662,248
1663,1055
1664,780
1665,507
1666,238
1667,340
1668,175
1669,133
1670,278
1671,378
1672,64
1673,40
1674,764
1675,569
1676,168
1677,1609
1678,311
1679,2006
1680,717
1681,1170
1682,352
1683,546
1684,286
1685,2160
1686,1215
1687,433
1688,321
1689,640
1690,316
1691,871
1692,154
1693,502
1694,1126
1695,973
1696,854
1697,418
1698,234
1699,1522
1700,1487
1701,1913
1702,891
1703,847
1704,375
1705,2421
1706,912
1707,2302
1708,2431
1709,1197
1710,833
1711,1178
1712,703
1713,418
1714,581
1715,865
1716,227
1717,222
1718,561
1719,590
1720,64
1721,972
1722,878
1723,2564
1724,1185
1725,355
1726,194
1727,1038
1728,261
1729,2789
1730,1551
1731,445
1732,197
1733,330
1734,226
1735,658
1736,230
1737,586
1738,530
1739,246
1740,324
1741,363
1742,621
1743,754
1744,466
1745,1199
1746,349
1747,613
1748,223
1749,907
1750,276
1751,1282
1752,1097
1753,591
1754,418
1755,368
1756,333
1757,556
1758,318
1759,390
1760,608
1761,208
1762,164
1763,51
1764,68
1765,205
1766,235
1767,339
1768,45
1769,253
1770,78
1771,425
1772,169
1773,208
1774,209
1775,375
1776,166
1777,214
1778,115
1779,82
1780,106
1781,78
1782,78
1783,335
1784,370
1785,365
1786,230
1787,1311
1788,913
1789,1367
1790,384
1791,686
1792,270
1793,1900
1794,408
1795,1953
1796,1703
1797,1307
1798,558
1799,503
1800,391
1801,527
1802,303
1803,439
1804,449
1805,481
1806,197
1807,185
1808,313
1809,440
1810,417
1811,1037
1812,171
1813,416
1814,133
1815,1318
1816,226
1817,971
1818,707
1819,1221
1820,294
1821,268
1822,221
1823,192
1824,76
1825,263
1826,190
1827,21
1828,33
1829,41
1830,23
1831,91
1832,242
1833,386
1834,182
1835,51
1836,53
1837,144
1838,43
1839,389
1840,217
1841,41
1842,95
1843,92
1844,23
1845,79
1846,49
1847,75
1848,53
1849,416
1850,175
1851,69
1852,380
1853,396
1854,229
1855,334
1856,84
1857,710
1858,116
1859,905
1860,156
1861,236
1862,234
1863,798
1864,223
1865,206
1866,274
1867,171
1868,190
1869,153
1870,53
1871,224
1872,116
1873,69
1874,167
1875,233
1876,160
1877,218
1878,76
1879,344
1880,90
1881,516
1882,109
1883,168
1884,168
1885,507
1886,178
1887,150
1888,192
1889,98
1890,99
1891,104
1892,50
1893,400
1894,190
1895,93
1896,470
1897,337
1898,204
1899,329
1900,112
1901,721
1902,119
1903,708
1904,142
1905,216
1906,209
1907,641
1908,270
1909,218
1910,236
1911,189
1912,158
1913,145
1914,67
1915,140
1916,37
1917,17
1918,87
1919,93
1920,75
1921,163
1922,21
1923,123
1924,23
1925,326
1926,28
1927,95
1928,79
1929,328
1930,51
1931,53
1932,34
1933,40
1934,25
1935,45
1936,16
1937,444
1938,169
1939,128
1940,365
1941,420
1942,318
1943,433
1944,123
1945,561
1946,107
1947,914
1948,198
1949,344
1950,326
1951,1073
1952,294
1953,291
1954,185
1955,347
1956,157
1957,238
1958,119
1959,252
1960,116
1961,95
1962,158
1963,246
1964,185
1965,325
1966,82
1967,392
1968,89
1969,636
1970,135
1971,225
1972,181
1973,666
1974,257
1975,197
1976,157
1977,99
1978,76
1979,99
1980,56
1981,285
1982,169
1983,112
1984,500
1985,316
1986,216
1987,377
1988,101
1989,615
1990,132
1991,666
1992,170
1993,280
1994,257
1995,735
1996,278
1997,251
1998,187
1999,252
2000,119
2001,189
2002,88
2003,397
2004,212
2005,62
2006,359
2007,350
2008,320
2009,342
2010,68
2011,763
2012,126
2013,854
2014,149
2015,290
2016,269
2017,1179
2018,221
2019,270
2020,226
2021,187
2022,175
2023,173
2024,62
2025,129
2026,473
2027,129
2028,58
2029,293
2030,752
2031,1375
2032,396
2033,1835
2034,1309
2035,1213
2036,344
2037,1085
2038,2247
2039,592
2040,361
2041,603
2042,218
2043,361
2044,113
2045,510
2046,314
2047,361
2048,185
2049,248
2050,42
2051,465
2052,271
2053,599
2054,173
2055,140
2056,67
2057,890
2058,216
2059,507
2060,445
2061,441
2062,159
2063,262
2064,172
2065,61
2066,87
2067,474
2068,75
2069,237
2070,100
2071,44
2072,69
2073,136
2074,88
2075,208
2076,41
2077,78
2078,31
2079,286
2080,40
2081,144
2082,146
2083,190
2084,49
2085,85
2086,60
2087,28
2088,58
2089,82
2090,24
2091,173
2092,66
2093,83
2094,315
2095,350
2096,193
2097,587
2098,168
2099,1309
2100,227
2101,628
2102,198
2103,385
2104,233
2105,533
2106,414
2107,359
2108,435
2109,213
2110,235
2111,154
2112,94
2113,147
2114,245
2115,316
2116,355
2117,523
2118,181
2119,519
2120,245
2121,1106
2122,232
2123,450
2124,216
2125,652
2126,501
2127,429
2128,733
2129,401
2130,260
2131,505
2132,313
2133,379
2134,268
2135,61
2136,119
2137,83
2138,33
2139,258
2140,148
2141,215
2142,79
2143,496
2144,151
2145,402
2146,204
2147,216
2148,299
2149,373
2150,144
2151,241
2152,144
2153,127
2154,94
2155,76
2156,62
2157,209
2158,218
2159,330
2160,197
2161,732
2162,496
2163,2010
2164,844
2165,3879
2166,1446
2167,1938
2168,1025
2169,1664
2170,1420
2171,1086
2172,908
2173,1136
2174,844
2175,1117
2176,352
2177,285
2178,595
2179,152
2180,209
2181,163
2182,172
2183,225
2184,241
2185,527
2186,238
2187,1420
2188,166
2189,478
2190,191
2191,501
2192,640
2193,471
2194,607
2195,272
2196,247
2197,431
2198,113
2199,197
2200,256
2201,137
2202,229
2203,201
2204,98
2205,272
2206,316
2207,471
2208,232
2209,1242
2210,221
2211,626
2212,244
2213,438
2214,525
2215,605
2216,562
2217,271
2218,324
2219,327
2220,112
2221,183
2222,232
2223,104
2224,10
2225,18
2226,135
2227,25
2228,35
2229,179
2230,67
2231,449
2232,15
2233,217
2234,19
2235,167
2236,101
2237,275
2238,32
2239,20
2240,38
2241,81
2242,12
2243,13
2244,26
2245,165
2246,221
2247,115
2248,100
2249,301
2250,196
2251,474
2252,173
2253,1715
2254,203
2255,534
2256,198
2257,432
2258,329
2259,609
2260,348
2261,309
2262,362
2263,273
2264,107
2265,128
2266,134
2267,237
2268,95
2269,153
2270,249
2271,267
2272,219
2273,572
2274,294
2275,1259
2276,101
2277,631
2278,157
2279,535
2280,391
2281,805
2282,317
2283,292
2284,278
2285,538
2286,95
2287,154
2288,284
2289,169
2290,39
2291,37
2292,214
2293,151
2294,78
2295,152
2296,27
2297,207
2298,20
2299,165
2300,41
2301,106
2302,79
2303,72
2304,78
2305,77
2306,59
2307,58
2308,75
2309,69
2310,39
2311,67
2312,53
2313,41
2314,10
2315,106
2316,226
2317,259
2318,77
2319,209
2320,33
2321,363
2322,190
2323,196
2324,307
2325,395
2326,137
2327,141
2328,105
2329,29
2330,17
2331,52
2332,21
2333,22
2334,51
2335,34
2336,28
2337,79
2338,113
2339,221
2340,20
2341,61
2342,19
2343,212
2344,73
2345,212
2346,175
2347,226
2348,112
2349,137
2350,48
2351,59
2352,23
2353,69
2354,34
2355,203
2356,83
2357,40
2358,71
2359,452
2360,387
2361,484
2362,96
2363,502
2364,123
2365,1128
2366,284
2367,331
2368,949
2369,898
2370,269
2371,308
2372,254
2373,97
2374,190
2375,150
2376,37
2377,33
2378,125
2379,212
2380,20
2381,262
2382,169
2383,857
2384,461
2385,202
2386,167
2387,263
2388,110
2389,1110
2390,548
2391,386
2392,116
2393,163
2394,145
2395,376
2396,48
2397,216
2398,238
2399,216
2400,198
2401,163
2402,132
2403,377
2404,566
2405,544
2406,163
2407,359
2408,101
2409,781
2410,373
2411,568
2412,828
2413,914
2414,356
2415,287
2416,199
2417,110
2418,144
2419,249
2420,66
2421,121
2422,144
2423,33
2424,36
2425,231
2426,210
2427,365
2428,54
2429,287
2430,83
2431,512
2432,143
2433,378
2434,330
2435,370
2436,151
2437,140
2438,162
2439,44
2440,80
2441,116
2442,34
2465,286
2466,176
2467,43
2468,56
2469,474
2470,520
2471,322
2472,55
2473,861
2474,185
2475,918
2476,276
2477,323
2478,453
2479,753
2480,330
2481,283
2482,364
2483,75
2484,259
2485,143
2486,47
2487,191
2488,226
2489,125
2490,266
2491,325
2492,168
2493,376
2494,112
2495,551
2496,103
2497,349
2498,117
2499,336
2500,311
2501,277
2502,196
2503,239
2504,102
2505,165
2506,239
2507,157
2508,171
2509,137
2510,197
2511,115
2512,42
2513,414
2514,718
2515,540
2516,214
2517,437
2518,283
2519,747
2520,269
2521,453
2522,986
2523,321
2524,223
2525,449
2526,249
2527,96
2528,201
2529,399
2530,64
2531,19
2532,51
2533,82
2534,14
2535,78
2536,96
2537,247
2538,51
2539,20
2540,11
2541,54
2542,76
2543,143
2544,212
2545,39
2546,93
2547,306
2548,12
2549,40
2550,51
2551,202
2552,56
2553,66
2554,326
2555,275
2556,55
2557,815
2558,280
2559,489
2560,580
2561,335
2562,177
2563,461
2564,230
2565,958
2566,698
2567,290
2568,204
2569,329
2570,148
2571,122
2572,445
2573,495
2574,104
2575,219
2576,595
2577,561
2578,160
2579,1236
2580,497
2581,742
2582,442
2583,788
2584,245
2585,1121
2586,299
2587,1077
2588,1319
2589,879
2590,430
2591,727
2592,268
2593,178
2594,1024
2595,623
2596,164
2597,26
2598,545
2599,39
2600,72
2601,327
2602,97
2603,254
2604,78
2605,314
2606,22
2607,357
2608,49
2609,406
2610,428
2611,243
2612,227
2613,162
2614,70
2615,134
2616,391
2617,98
2618,26
2619,45
2620,116
2621,90
2622,55
2623,352
2624,121
2625,236
2626,117
2627,161
2628,106
2629,281
2630,92
2631,402
2632,280
2633,135
2634,43
2635,148
2636,64
2637,18
2638,428
2639,261
2640,9
2641,390
2642,44
2643,48
2644,28
2645,257
2646,275
2647,245
2648,129
2649,229
2650,108
2651,530
2652,220
2653,228
2654,544
2655,229
2656,219
2657,226
2658,75
2659,33
2660,38
2661,124
2662,12
2663,79
2664,75
2665,48
2666,43
2667,163
2668,125
2669,114
2670,25
2671,327
2672,123
2673,263
2674,69
2675,89
2676,97
2677,223
2678,152
2679,196
2680,75
2681,65
2682,80
2683,189
2684,41
2685,238
2686,245
2687,138
2688,242
2689,275
2690,134
2691,363
2692,162
2693,2100
2694,274
2695,575
2696,132
2697,291
2698,257
2699,545
2700,294
2701,228
2702,224
2703,555
2704,90
2705,256
2706,250
2707,373
2708,351
2709,267
2710,242
2711,643
2712,418
2713,1007
2714,371
2715,5905
2716,796
2717,1714
2718,408
2719,948
2720,816
2721,1590
2722,726
2723,606
2724,1056
2725,1494
2726,238
2727,358
2728,778
2729,134
2730,260
2731,191
2732,287
2733,315
2734,117
2735,311
2736,142
2737,1116
2738,167
2739,358
2740,109
2741,335
2742,261
2743,347
2744,218
2745,202
2746,89
2747,424
2748,134
2749,223
2750,212
2751,126
2752,229
2753,133
2754,84
2755,298
2756,185
2757,333
2758,150
2759,2876
2760,345
2761,840
2762,277
2763,398
2764,463
2765,1031
2766,380
2767,444
2768,517
2769,399
2770,103
2771,194
2772,186
2773,177
2774,2192
2775,471
2776,83
2777,1019
2778,1156
2779,2306
2780,1157
2781,1366
2782,1292
2783,1521
2784,544
2785,2649
2786,2405
2787,1296
2788,887
2789,957
2790,375
2791,911
2792,210
2793,1122
2794,471
2795,227
2796,412
2797,390
2798,59
2799,707
2800,767
2801,1380
2802,461
2803,3640
2804,459
2805,1115
2806,548
2807,1876
2808,1913
2809,762
2810,797
2811,952
2812,283
2813,309
2814,374
2815,398
2816,357
2817,953
2818,270
2819,233
2820,1082
2821,361
2822,398
2823,1236
2824,385
2825,1115
2826,155
2827,1149
2828,252
2829,858
2830,867
2831,963
2832,329
2833,270
2834,258
2835,419
2836,176
2837,363
2838,287
2839,223
2840,60
2841,35
2842,66
2843,200
2844,258
2845,228
2846,43
2847,216
2848,75
2849,561
2850,159
2851,154
2852,209
2853,366
2854,168
2855,158
2856,96
2857,48
2858,67
2859,84
2860,22
2861,723
2862,248
2863,233
2864,315
2865,651
2866,653
2867,765
2868,311
2869,653
2870,229
2871,1038
2872,691
2873,549
2874,795
2875,699
2876,760
2877,743
2878,292
2879,252
2880,273
2881,273
2882,143
2883,689
2884,354
2885,314
2886,66
2887,1309
2888,1617
2889,2631
2890,702
2891,1365
2892,704
2893,3035
2894,1431
2895,1700
2896,2573
2897,2089
2898,1113
2899,1243
2900,877
2901,406
2902,362
2903,539
2904,172
2905,67
2906,309
2907,180
2908,223
2909,664
2910,460
2911,1065
2912,387
2913,898
2914,454
2915,631
2916,448
2917,912
2918,1285
2919,1368
2920,477
2921,536
2922,452
2923,170
2924,378
2925,756
2926,94
2927,44
2928,319
2929,222
2930,42
2931,549
2932,382
2933,843
2934,613
2935,734
2936,409
2937,438
2938,321
2939,1048
2940,914
2941,467
2942,333
2943,447
2944,241
2945,309
2946,263
2947,548
2948,223
2949,75
2950,723
2951,496
2952,51
2953,1077
2954,758
2955,1422
2956,681
2957,757
2958,511
2959,966
2960,576
2961,1567
2962,1408
2963,707
2964,708
2965,677
2966,397
2967,311
2968,350
2969,549
2970,553
2971,222
2972,864
2973,675
2974,182
2975,1393
2976,1093
2977,2107
2978,612
2979,1388
2980,525
2981,2021
2982,742
2983,1745
2984,2279
2985,1409
2986,962
2987,1099
2988,510
2989,790
2990,511
2991,592
2992,560
2993,480
2994,344
2995,396
2996,576
2997,571
2998,691
2999,948
3000,555
3001,391
3002,125
3003,1054
3004,265
3005,1129
3006,883
3007,566
3008,231
3009,365
3010,184
3011,155
3012,290
3013,443
3014,79
3015,54
3016,886
3017,637
3018,192
3019,2043
3020,304
3021,2214
3022,754
3023,1426
3024,396
3025,577
3026,282
3027,2384
3028,1272
3029,496
3030,333
3031,748
3032,368
3033,915
3034,148
3035,520
3036,1352
3037,1148
3038,823
3039,451
3040,309
3041,1615
3042,1488
3043,2023
3044,963
3045,1021
3046,383
3047,2605
3048,878
3049,2398
3050,2501
3051,1304
3052,816
3053,1167
3054,724
3055,448
3056,581
3057,858
3058,261
3059,246
3060,550
3061,651
3062,67
3063,992
3064,827
3065,2723
3066,1270
3067,480
3068,173
3069,1049
3070,243
3071,2920
3072,1626
3073,462
3074,170
3075,306
3076,223
3077,843
3078,213
3079,664
3080,689
3081,286
3082,334
3083,393
3084,710
3085,824
3086,516
3087,1317
3088,378
3089,754
3090,229
3091,1023
3092,305
3093,1435
3094,1210
3095,657
3096,473
3097,413
3098,371
3099,646
3100,345
3101,450
3102,818
3103,207
3104,153
3105,61
3106,78
3107,201
3108,244
3109,372
3110,51
3111,297
3112,82
3113,425
3114,169
3115,219
3116,195
3117,429
3118,176
3119,230
3120,113
3121,93
3122,102
3123,89
3124,85
3125,388
3126,388
3127,409
3128,266
3129,1487
3130,976
3131,1613
3132,442
3133,788
3134,281
3135,2020
3136,443
3137,2303
3138,1964
3139,1515
3140,544
3141,556
3142,432
3143,665
3144,318
3145,425
3146,577
3147,594
3148,210
3149,199
3150,393
3151,530
3152,506
3153,1252
3154,184
3155,514
3156,149
3157,1646
3158,260
3159,1184
3160,893
3161,1455
3162,304
3163,301
3164,251
3165,227
3166,91
3167,288
3168,239
3169,21
3170,29
3171,46
3172,22
3173,74
3174,192
3175,335
3176,157
3177,51
3178,44
3179,116
3180,38
3181,322
3182,159
3183,41
3184,69
3185,80
3186,22
3187,77
3188,39
3189,59
3190,63
3191,502
3192,195
3193,78
3194,464
3195,451
3196,287
3197,383
3198,103
3199,861
3200,130
3201,1023
3202,197
3203,289
3204,259
3205,1011
3206,273
3207,245
3208,334
3209,209
3210,205
3211,178
3212,76
3213,260
3214,127
3215,75
3216,181
3217,252
3218,169
3219,240
3220,76
3221,409
3222,86
3223,569
3224,113
3225,172
3226,168
3227,564
3228,190
3229,161
3230,190
3231,105
3232,100
3233,103
3234,57
3235,487
3236,209
3237,107
3238,536
3239,384
3240,222
3241,380
3242,127
3243,882
3244,139
3245,779
3246,171
3247,248
3248,237
3249,729
3250,305
3251,240
3252,275
3253,208
3254,169
3255,161
3256,85
3257,144
3258,44
3259,21
3260,98
3261,108
3262,85
3263,165
3264,25
3265,152
3266,28
3267,338
3268,33
3269,103
3270,89
3271,366
3272,63
3273,59
3274,40
3275,49
3276,27
3277,55
3278,20
3279,536
3280,191
3281,153
3282,466
3283,500
3284,377
3285,527
3286,148
3287,699
3288,127
3289,1133
3290,237
3291,418
3292,399
3293,1233
3294,343
3295,346
3296,218
3297,391
3298,180
3299,274
3300,162
3301,282
3302,125
3303,102
3304,169
3305,267
3306,194
3307,355
3308,96
3309,465
3310,98
3311,709
3312,145
3313,254
3314,200
3315,793
3316,267
3317,205
3318,171
3319,111
3320,82
3321,110
3322,65
3323,369
3324,179
3325,117
3326,617
3327,382
3328,232
3329,429
3330,107
3331,788
3332,134
3333,818
3334,180
3335,327
3336,298
3337,869
3338,325
3339,303
3340,203
3341,292
3342,134
3343,195
3344,104
3345,520
3346,247
3347,79
3348,459
3349,438
3350,349
3351,432
3352,95
3353,1050
3354,157
3355,1134
3356,186
3357,395
3358,356
3359,1423
3360,290
3361,334
3362,283
3363,250
3364,227
3365,213
3366,92
3367,135
3368,422
3369,135
3370,65
3371,261
3372,629
3373,1199
3374,368
3375,2008
3376,1128
3377,1053
3378,303
3379,944
3380,2033
3381,517
3382,295
3383,515
3384,224
3385,398
3386,94
3387,406
3388,341
3389,358
3390,165
3391,221
3392,45
3393,419
3394,220
3395,595
3396,155
3397,148
3398,62
3399,824
3400,183
3401,447
3402,393
3403,428
3404,131
3405,226
3406,157
3407,60
3408,82
3409,440
3410,79
3411,278
3412,125
3413,53
3414,83
3415,161
3416,103
3417,258
3418,51
3419,86
3420,31
3421,336
3422,53
3423,182
3424,180
3425,224
3426,66
3427,98
3428,69
3429,33
3430,75
3431,111
3432,34
3433,198
3434,65
3435,98
3436,366
3437,363
3438,203
3439,716
3440,195
3441,1509
3442,235
3443,703
3444,208
3445,475
3446,264
3447,616
3448,518
3449,399
3450,553
3451,245
3452,250
3453,180
3454,129
3455,148
3456,237
3457,324
3458,433
3459,524
3460,174
3461,548
3462,252
3463,1248
3464,245
3465,448
3466,195
3467,701
3468,506
3469,447
3470,785
3471,400
3472,269
3473,512
3474,312
3475,390
3476,298
3477,50
3478,96
3479,79
3480,34
3481,191
3482,107
3483,162
3484,67
3485,446
3486,121
3487,308
3488,146
3489,168
3490,212
3491,308
3492,107
3493,160
3494,116
3495,107
3496,69
3497,64
3498,60
3499,200
3500,216
3501,318
3502,209
3503,686
3504,459
3505,1840
3506,789
3507,4852
3508,1548
3509,1970
3510,917
3511,1673
3512,1463
3513,1150
3514,815
3515,1069
3516,865
3517,1125
3518,291
3519,241
3520,656
3521,146
3522,215
3523,203
3524,197
3525,239
3526,234
3527,611
3528,267
3529,1683
3530,177
3531,531
3532,194
3533,621
3534,707
3535,485
3536,676
3537,324
3538,296
3539,469
3540,112
3541,212
3542,311
3543,146
3544,280
3545,234
3546,101
3547,289
3548,357
3549,547
3550,258
3551,1701
3552,256
3553,734
3554,278
3555,572
3556,642
3557,731
3558,594
3559,312
3560,387
3561,384
3562,120
3563,198
3564,254
3565,113
3566,11
3567,23
3568,140
3569,27
3570,43
3571,179
3572,79
3573,510
3574,17
3575,228
3576,21
3577,178
3578,105
3579,286
3580,39
3581,24
3582,45
3583,87
3584,15
3585,17
3586,31
3587,167
3588,210
3589,120
3590,94
3591,306
3592,183
3593,459
3594,175
3595,2166
3596,219
3597,519
3598,183
3599,444
3600,360
3601,637
3602,369
3603,293
3604,433
3605,305
3606,114
3607,133
3608,173
3609,249
3610,92
3611,149
3612,270
3613,247
3614,177
3615,586
3616,265
3617,1714
3618,102
3619,646
3620,146
3621,582
3622,372
3623,907
3624,313
3625,278
3626,311
3627,620
3628,96
3629,150
3630,307
3631,184
3632,44
3633,46
3634,238
3635,163
3636,78
3637,160
3638,31
3639,258
3640,25
3641,169
3642,47
3643,122
3644,89
3645,88
3646,90
3647,89
3648,67
3649,75
3650,92
3651,86
3652,50
3653,63
3654,49
3655,38
3656,10
3657,75
3658,155
3659,182
3660,57
3661,183
3662,30
3663,257
3664,135
3665,157
3666,224
3667,282
3668,99
3669,98
3670,85
3671,27
3672,17
3673,43
3674,23
3675,21
3676,47
3677,29
3678,25
3679,63
3680,89
3681,162
3682,13
3683,48
3684,14
3685,136
3686,52
3687,133
3688,98
3689,137
3690,92
3691,103
3692,36
3693,55
3694,16
3695,55
3696,32
3697,193
3698,66
3699,37
3700,70
3701,352
3702,317
3703,397
3704,76
3705,542
3706,98
3707,1030
3708,234
3709,270
3710,758
3711,816
3712,230
3713,260
3714,231
3715,90
3716,157
3717,125
3718,51
3719,33
3720,80
3721,154
3722,15
3723,190
3724,113
3725,576
3726,304
3727,150
3728,119
3729,171
3730,71
3731,770
3732,372
3733,330
3734,73
3735,106
3736,98
3737,276
3738,36
3739,131
3740,197
3741,185
3742,163
3743,132
3744,119
3745,272
3746,431
3747,422
3748,132
3749,315
3750,80
3751,603
3752,280
3753,500
3754,653
3755,771
3756,265
3757,246
3758,156
3759,97
3760,108
3761,190
3762,64
3763,105
3764,124
3765,31
3766,34
3767,215
3768,187
3769,313
3770,54
3771,291
3772,82
3773,498
3774,127
3775,324
3776,277
3777,343
3778,130
3779,120
3780,156
3781,53
3782,71
3783,94
3784,36
3807,299
3808,179
3809,48
3810,56
3811,523
3812,530
3813,356
3814,55
3815,974
3816,179
3817,973
3818,302
3819,351
3820,488
3821,875
3822,359
3823,319
3824,435
3825,87
3826,259
3827,134
3828,54
3829,199
3830,214
3831,134
3832,288
3833,349
3834,153
3835,405
3836,112
3837,598
3838,106
3839,346
3840,106
3841,343
3842,331
3843,258
3844,192
3845,248
3846,97
3847,158
3848,230
3849,154
3850,185
3851,118
3852,159
3853,91
3854,37
3855,303
3856,529
3857,409
3858,163
3859,448
3860,237
3861,526
3862,195
3863,349
3864,861
3865,255
3866,166
3867,340
3868,222
3869,86
3870,144
3871,278
3872,60
3873,17
3874,44
3875,73
3876,14
3877,60
3878,69
3879,186
3880,51
3881,21
3882,11
3883,53
3884,56
3885,112
3886,150
3887,34
3888,71
3889,232
3890,11
3891,38
3892,47
3893,147
3894,58
3895,59
3896,265
3897,252
3898,54
3899,766
3900,222
3901,410
3902,531
3903,353
3904,159
3905,373
3906,192
3907,904
3908,614
3909,258
3910,168
3911,284
3912,134
3913,124
3914,365
3915,435
3916,116
3917,184
3918,519
3919,499
3920,152
3921,1068
3922,375
3923,655
3924,405
3925,841
3926,214
3927,966
3928,254
3929,975
3930,1094
3931,804
3932,346
3933,606
3934,254
3935,184
3936,872
3937,556
3938,183
3939,27
3940,522
3941,42
3942,63
3943,327
3944,100
3945,238
3946,84
3947,327
3948,21
3949,359
3950,55
3951,413
3952,411
3953,233
3954,214
3955,162
3956,74
3957,133
3958,356
3959,96
3960,26
3961,45
3962,99
3963,79
3964,56
3965,325
3966,92
3967,190
3968,103
3969,168
3970,92
3971,207
3972,75
3973,340
3974,226
3975,120
3976,41
3977,136
3978,66
3979,20
3980,316
3981,210
3982,12
3983,326
3984,43
3985,49
3986,34
3987,182
3988,229
3989,193
3990,116
3991,235
3992,95
3993,466
3994,186
3995,170
3996,489
3997,197
3998,196
3999,182
4000,65
4001,33
4002,38
4003,115
4004,12
4005,88
4006,81
4007,52
4008,48
4009,163
4010,125
4011,113
4012,29
4013,396
4014,124
4015,278
4016,78
4017,101
4018,101
4019,250
4020,158
4021,219
4022,83
4023,75
4024,85
4025,197
4026,54
4027,235
4028,229
4029,134
4030,232
4031,265
4032,138
4033,378
4034,167
4035,2103
4036,254
4037,529
4038,132
4039,298
4040,246
4041,534
4042,295
4043,228
4044,214
4045,550
4046,80
4047,267
4048,242
4049,369
4050,356
4051,272
4052,216
4053,659
4054,421
4055,1084
4056,386
4057,5981
4058,825
4059,1674
4060,435
4061,1012
4062,883
4063,1641
4064,744
4065,618
4066,1130
4067,1518
4068,225
4069,391
4070,722
4071,133
4072,245
4073,186
4074,275
4075,323
4076,115
4077,335
4078,146
4079,1190
4080,156
4081,364
4082,115
4083,360
4084,269
4085,357
4086,221
4087,204
4088,91
4089,442
4090,126
4091,214
4092,198
4093,129
4094,216
4095,139
4096,80
4097,282
4098,162
4099,319
4100,152
4101,3308
4102,320
4103,735
4104,282
4105,367
4106,408
4107,1027
4108,346
4109,381
4110,457
4111,365
4112,109
4113,194
4114,179
4115,148
4116,1931
4117,433
4118,69
4119,934
4120,996
4121,2113
4122,1078
4123,1214
4124,1113
4125,1277
4126,482
4127,2383
4128,2087
4129,1171
4130,790
4131,862
4132,334
4133,839
4134,193
4135,1019
4136,435
4137,247
4138,425
4139,402
4140,55
4141,735
4142,836
4143,1576
4144,499
4145,3922
4146,441
4147,1166
4148,612
4149,2109
4150,2114
4151,879
4152,843
4153,1034
4154,308
4155,337
4156,402
4157,443
4158,357
4159,958
4160,264
4161,238
4162,1037
4163,367
4164,393
4165,1245
4166,372
4167,1142
4168,150
4169,1140
4170,263
4171,838
4172,922
4173,997
4174,353
4175,290
4176,274
4177,425
4178,185
4179,359
4180,277
4181,205
4182,61
4183,37
4184,59
4185,189
4186,240
4187,222
4188,48
4189,222
4190,71
4191,556
4192,165
4193,153
4194,205
4195,343
4196,161
4197,152
4198,109
4199,56
4200,62
4201,88
4202,27
4203,701
4204,235
4205,238
4206,298
4207,666
4208,654
4209,850
4210,319
4211,646
4212,222
4213,974
4214,720
4215,573
4216,842
4217,711
4218,779
4219,757
4220,308
4221,271
4222,277
4223,277
4224,149
4225,720
4226,361
4227,337
4228,68
4229,1253
4230,1731
4231,3051
4232,755
4233,1559
4234,703
4235,3158
4236,1527
4237,1912
4238,2775
4239,2186
4240,1223
4241,1304
4242,939
4243,438
4244,382
4245,631
4246,166
4247,73
4248,292
4249,172
4250,269
4251,646
4252,473
4253,1151
4254,436
4255,922
4256,438
4257,638
4258,484
4259,902
4260,1352
4261,1388
4262,498
4263,544
4264,468
4265,166
4266,360
4267,759
4268,86
4269,44
4270,283
4271,201
4272,44
4273,533
4274,364
4275,796
4276,631
4277,717
4278,368
4279,402
4280,303
4281,1008
4282,862
4283,501
4284,316
4285,450
4286,221
4287,291
4288,254
4289,533
4290,190
4291,69
4292,717
4293,484
4294,47
4295,988
4296,763
4297,1440
4298,718
4299,762
4300,477
4301,880
4302,603
4303,1636
4304,1409
4305,694
4306,724
4307,661
4308,396
4309,315
4310,342
4311,552
4312,530
4313,234
4314,911
4315,740
4316,180
4317,1549
4318,1164
4319,2511
4320,722
4321,1701
4322,580
4323,2053
4324,817
4325,2077
4326,2550
4327,1686
4328,1009
4329,1201
4330,584
4331,923
4332,563
4333,698
4334,567
4335,434
4336,335
4337,384
4338,529
4339,569
4340,681
4341,1017
4342,530
4343,409
4344,118
4345,1036
4346,256
4347,1188
4348,898
4349,553
4350,230
4351,350
4352,161
4353,155
4354,274
4355,417
4356,71
4357,60
4358,832
4359,666
4360,166
4361,1957
4362,287
4363,2176
4364,776
4365,1451
4366,368
4367,508
4368,277
4369,2307
4370,1301
4371,472
4372,291
4373,712
4374,336
4375,932
4376,150
4377,523
4378,1118
4379,1201
4380,815
4381,433
4382,288
4383,1653
4384,1548
4385,2219
4386,953
4387,1053
4388,351
4389,2522
4390,954
4391,2493
4392,2715
4393,1390
4394,904
4395,1216
4396,757
4397,471
4398,596
4399,972
4400,252
4401,204
4402,543
4403,630
4404,61
4405,991
4406,761
4407,2706
4408,1320
4409,444
4410,156
4411,970
4412,220
4413,2818
4414,1611
4415,402
4416,149
4417,283
4418,215
4419,790
4420,195
4421,638
4422,629
4423,257
4424,338
4425,397
4426,684
4427,806
4428,503
4429,1467
4430,383
4431,760
4432,209
4433,1000
4434,296
4435,1455
4436,1317
4437,702
4438,446
4439,390
4440,345
4441,633
4442,330
4443,450
4444,792
4445,200
4446,143
4447,57
4448,73
4449,180
4450,222
4451,384
4452,46
4453,277
4454,76
4455,400
4456,151
4457,215
4458,194
4459,404
4460,174
4461,217
4462,105
4463,90
4464,98
4465,76
4466,81
4467,390
4468,375
4469,412
4470,259
4471,1435
4472,961
4473,1780
4474,440
4475,822
4476,271
4477,1953
4478,463
4479,2433
4480,2121
4481,1594
4482,552
4483,548
4484,423
4485,651
4486,330
4487,452
4488,515
4489,637
4490,200
4491,212
4492,392
4493,523
4494,522
4495,1525
4496,199
4497,525
4498,146
4499,1672
4500,258
4501,1260
4502,945
4503,1575
4504,293
4505,288
4506,252
4507,234
4508,85
4509,286
4510,240
4511,20
4512,29
4513,44
4514,22
4515,61
4516,182
4517,307
4518,149
4519,46
4520,42
4521,105
4522,38
4523,303
4524,149
4525,40
4526,65
4527,72
4528,22
4529,72
4530,36
4531,58
4532,55
4533,459
4534,185
4535,76
4536,396
4537,396
4538,282
4539,368
4540,104
4541,835
4542,116
4543,986
4544,195
4545,293
4546,262
4547,968
4548,253
4549,232
4550,337
4551,205
4552,191
4553,171
4554,74
4555,237
4556,128
4557,80
4558,167
4559,246
4560,170
4561,240
4562,82
4563,386
4564,79
4565,536
4566,114
4567,173
4568,178
4569,520
4570,190
4571,164
4572,183
4573,109
4574,103
4575,104
4576,59
4577,459
4578,205
4579,106
4580,489
4581,382
4582,230
4583,386
4584,130
4585,824
4586,136
4587,757
4588,183
4589,252
4590,247
4591,711
4592,300
4593,233
4594,281
4595,214
4596,170
4597,175
4598,87
4599,126
4600,46
4601,21
4602,93
4603,103
4604,75
4605,157
4606,24
4607,151
4608,29
4609,314
4610,36
4611,94
4612,83
4613,341
4614,61
4615,58
4616,39
4617,45
4618,32
4619,55
4620,19
4621,456
4622,195
4623,162
4624,431
4625,434
4626,357
4627,482
4628,151
4629,647
4630,118
4631,1026
4632,225
4633,395
4634,394
4635,1162
4636,320
4637,320
4638,214
4639,371
4640,175
4641,277
4642,158
4643,266
4644,131
4645,110
4646,154
4647,239
4648,191
4649,324
4650,101
4651,432
4652,92
4653,660
4654,144
4655,240
4656,208
4657,760
4658,239
4659,193
4660,170
4661,116
4662,80
4663,117
4664,62
4665,362
4666,182
4667,127
4668,605
4669,383
4670,245
4671,441
4672,116
4673,835
4674,129
4675,811
4676,187
4677,351
4678,305
4679,880
4680,334
4681,309
4682,211
4683,312
4684,137
4685,196
4686,103
4687,450
4688,233
4689,78
4690,417
4691,435
4692,331
4693,436
4694,100
4695,986
4696,154
4697,1022
4698,198
4699,388
4700,361
4701,1337
4702,291
4703,320
4704,277
4705,252
4706,222
4707,216
4708,90
4709,114
4710,358
4711,135
4712,51
4713,224
4714,535
4715,1179
4716,333
4717,1772
4718,1001
4719,924
4720,267
4721,859
4722,1819
4723,474
4724,251
4725,458
4726,207
4727,395
4728,79
4729,389
4730,310
4731,373
4732,156
4733,224
4734,40
4735,406
4736,224
4737,620
4738,151
4739,156
4740,61
4741,754
4742,186
4743,470
4744,402
4745,416
4746,128
4747,222
4748,147
4749,60
4750,76
4751,487
4752,70
4753,248
4754,114
4755,49
4756,75
4757,141
4758,94
4759,245
4760,49
4761,83
4762,28
4763,291
4764,50
4765,172
4766,162
4767,211
4768,58
4769,89
4770,59
4771,34
4772,68
4773,104
4774,33
4775,174
4776,70
4777,98
4778,376
4779,333
4780,200
4781,673
4782,193
4783,1695
4784,209
4785,659
4786,202
4787,433
4788,257
4789,581
4790,448
4791,362
4792,516
4793,219
4794,236
4795,182
4796,121
4797,127
4798,230
4799,352
4800,416
4801,504
4802,171
4803,620
4804,271
4805,1449
4806,231
4807,433
4808,209
4809,742
4810,530
4811,443
4812,817
4813,411
4814,262
4815,548
4816,306
4817,409
4818,289
4819,48
4820,91
4821,81
4822,34
4823,175
4824,99
4825,151
4826,65
4827,457
4828,109
4829,291
4830,141
4831,160
4832,224
4833,293
4834,97
4835,157
4836,106
4837,99
4838,67
4839,67
4840,63
4841,201
4842,221
4843,356
4844,216
4845,760
4846,512
4847,1935
4848,896
4849,5148
4850,1570
4851,2087
4852,1001
4853,1863
4854,1548
4855,1283
4856,899
4857,1146
4858,955
4859,1216
4860,329
4861,273
4862,683
4863,174
4864,253
4865,234
4866,200
4867,246
4868,273
4869,669
4870,311
4871,1714
4872,203
4873,491
4874,241
4875,628
4876,793
4877,527
4878,738
4879,351
4880,325
4881,493
4882,126
4883,250
4884,353
4885,150
4886,309
4887,256
4888,104
4889,332
4890,413
4891,650
4892,293
4893,1876
4894,282
4895,785
4896,324
4897,623
4898,699
4899,815
4900,644
4901,342
4902,440
4903,435
4904,135
4905,211
4906,260
4907,116
4908,12
4909,22
4910,139
4911,22
4912,40
4913,182
4914,78
4915,491
4916,16
4917,221
4918,21
4919,180
4920,103
4921,283
4922,40
4923,23
4924,41
4925,88
4926,15
4927,19
4928,32
4929,151
4930,207
4931,122
4932,91
4933,320
4934,187
4935,486
4936,183
4937,2183
4938,211
4939,509
4940,184
4941,466
4942,398
4943,637
4944,363
4945,309
4946,443
4947,334
4948,124
4949,147
4950,178
4951,253
4952,88
4953,151
4954,260
4955,229
4956,177
4957,612
4958,263
4959,1766
4960,94
4961,596
4962,145
4963,604
4964,365
4965,916
4966,297
4967,272
4968,313
4969,638
4970,92
4971,152
4972,313
4973,186
4974,48
4975,55
4976,255
4977,177
4978,78
4979,179
4980,36
4981,262
4982,30
4983,174
4984,54
4985,133
4986,98
4987,93
4988,98
4989,97
4990,71
4991,85
4992,96
4993,93
4994,55
4995,56
4996,42
4997,35
4998,9
4999,66
5000,150
5001,188
5002,55
5003,173
5004,27
5005,238
5006,130
5007,142
5008,213
5009,275
5010,93
5011,95
5012,82
5013,27
5014,14
5015,41
5016,20
5017,16
5018,43
5019,31
5020,20
5021,45
5022,67
5023,150
5024,10
5025,40
5026,10
5027,117
5028,48
5029,110
5030,88
5031,116
5032,66
5033,91
5034,32
5035,48
5036,11
5037,45
5038,29
5039,210
5040,65
5041,40
5042,60
5043,355
5044,323
5045,411
5046,84
5047,592
5048,94
5049,1092
5050,254
5051,259
5052,830
5053,872
5054,237
5055,260
5056,244
5057,96
5058,155
5059,119
5060,53
5061,25
5062,71
5063,126
5064,13
5065,134
5066,81
5067,418
5068,293
5069,114
5070,89
5071,123
5072,51
5073,643
5074,308
5075,239
5076,57
5077,84
5078,79
5079,238
5080,30
5081,106
5082,155
5083,196
5084,150
5085,133
5086,105
5087,266
5088,460
5089,478
5090,135
5091,352
5092,80
5093,615
5094,285
5095,547
5096,733
5097,823
5098,276
5099,238
5100,152
5101,102
5102,110
5103,195
5104,65
5105,90
5106,118
5107,30
5108,33
5109,196
5110,164
5111,288
5112,51
5113,266
5114,68
5115,397
5116,125
5117,292
5118,244
5119,271
5120,106
5121,106
5122,129
5123,49
5124,70
5125,86
5126,33
5149,290
5150,165
5151,48
5152,49
5153,461
5154,488
5155,363
5156,52
5157,931
5158,163
5159,888
5160,283
5161,340
5162,462
5163,792
5164,338
5165,315
5166,380
5167,84
5168,241
5169,132
5170,55
5171,200
5172,207
5173,133
5174,283
5175,331
5176,147
5177,379
5178,106
5179,605
5180,100
5181,324
5182,101
5183,341
5184,309
5185,228
5186,180
5187,236
5188,80
5189,161
5190,219
5191,158
5192,176
5193,107
5194,160
5195,80
5196,32
5197,305
5198,544
5199,450
5200,164
5201,497
5202,224
5203,483
5204,179
5205,372
5206,928
5207,249
5208,146
5209,366
5210,212
5211,87
5212,145
5213,307
5214,58
5215,15
5216,40
5217,68
5218,12
5219,49
5220,63
5221,181
5222,50
5223,20
5224,9
5225,41
5226,52
5227,110
5228,140
5229,32
5230,63
5231,211
5232,11
5233,39
5234,42
5235,139
5236,49
5237,57
5238,250
5239,244
5240,47
5241,736
5242,219
5243,437
5244,564
5245,327
5246,151
5247,344
5248,198
5249,962
5250,618
5251,251
5252,162
5253,268
5254,135
5255,121
5256,361
5257,450
5258,109
5259,202
5260,529
5261,547
5262,142
5263,1061
5264,390
5265,709
5266,401
5267,869
5268,201
5269,930
5270,260
5271,1053
5272,1111
5273,872
5274,334
5275,609
5276,257
5277,190
5278,827
5279,589
5280,190
5281,22
5282,437
5283,37
5284,47
5285,257
5286,73
5287,209
5288,77
5289,278
5290,16
5291,296
5292,42
5293,388
5294,363
5295,190
5296,182
5297,132
5298,61
5299,123
5300,272
5301,83
5302,21
5303,40
5304,92
5305,68
5306,42
5307,281
5308,81
5309,173
5310,91
5311,151
5312,83
5313,185
5314,69
5315,304
5316,195
5317,109
5318,38
5319,115
5320,71
5321,20
5322,300
5323,203
5324,11
5325,341
5326,39
5327,45
5328,33
5329,176
5330,214
5331,196
5332,102
5333,210
5334,96
5335,456
5336,191
5337,183
5338,554
5339,199
5340,187
5341,181
5342,72
5343,36
5344,38
5345,111
5346,12
5347,86
5348,76
5349,56
5350,48
5351,150
5352,123
5353,119
5354,29
5355,396
5356,117
5357,260
5358,78
5359,102
5360,99
5361,247
5362,153
5363,209
5364,84
5365,75
5366,83
5367,203
5368,51
5369,239
5370,178
5371,91
5372,80
5373,243
5374,136
5375,413
5376,122
5377,625
5378,257
5379,390
5380,143
5381,615
5382,689
5383,297
5384,422
5385,217
5386,107
5387,230
5388,98
5389,166
5390,58
5391,34
5392,115
5393,125
5394,36
5395,172
5396,98
5397,428
5398,245
5399,1044
5400,222
5401,305
5402,122
5403,346
5404,272
5405,224
5406,190
5407,164
5408,229
5409,370
5410,59
5411,86
5412,270
5413,18
5414,108
5415,16
5416,2
5417,90
5418,40
5419,65
5420,63
5421,135
5422,17
5423,154
5424,74
5425,175
5426,100
5427,108
5428,29
5429,35
5430,18
5431,20
5432,76
5433,47
5434,16
5435,423
5436,98
5437,128
5438,190
5439,295
5440,611
5441,719
5442,173
5443,427
5444,132
5445,1123
5446,357
5447,404
5448,683
5449,593
5450,291
5451,352
5452,190
5453,128
5454,126
5455,139
5456,43
5457,407
5458,152
5459,149
5460,39
5461,641
5462,1175
5463,1365
5464,243
5465,576
5466,307
5467,1955
5468,635
5469,601
5470,1179
5471,1045
5472,604
5473,599
5474,357
5475,165
5476,148
5477,199
5478,57
5479,3
5480,22
5481,82
5482,23
5483,84
5484,34
5485,141
5486,208
5487,22
5488,23
5489,44
5490,22
5491,385
5492,125
5493,17
5494,22
5495,34
5496,15
5497,40
5498,19
5499,44
5500,17
5501,17
5502,66
5503,93
5504,19
5505,115
5506,23
5507,355
5508,175
5509,629
5510,166
5511,87
5512,69
5513,616
5514,355
5515,48
5516,133
5517,167
5518,61
5519,37
5520,45
5521,124
5522,27
5523,44
5524,155
5525,70
5526,35
5527,225
5528,162
5529,142
5530,46
5531,176
5532,92
5533,234
5534,115
5535,160
5536,230
5537,184
5538,126
5539,202
5540,79
5541,55
5542,120
5543,91
5544,79
5545,96
5546,440
5547,66
5548,36
5549,312
5550,378
5551,1077
5552,317
5553,947
5554,805
5555,710
5556,260
5557,366
5558,1117
5559,395
5560,300
5561,478
5562,188
5563,240
5564,153
5565,360
5566,326
5567,131
5568,139
5569,355
5570,7
5571,412
5572,144
5573,614
5574,184
5575,66
5576,49
5577,250
5578,133
5579,485
5580,369
5581,101
5582,44
5583,222
5584,192
5585,45
5586,27
5587,353
5588,49
5589,100
5590,160
5591,65
5592,47
5593,221
5594,193
5595,255
5596,96
5597,2205
5598,184
5599,404
5600,185
5601,198
5602,373
5603,475
5604,391
5605,329
5606,245
5607,250
5608,151
5609,94
5610,104
5611,175
5612,246
5613,108
5614,144
5615,397
5616,363
5617,452
5618,158
5619,1858
5620,272
5621,825
5622,263
5623,389
5624,591
5625,724
5626,723
5627,360
5628,372
5629,294
5630,181
5631,226
5632,142
5633,85
5634,18
5635,40
5636,173
5637,52
5638,78
5639,188
5640,101
5641,333
5642,22
5643,180
5644,39
5645,208
5646,195
5647,221
5648,80
5649,29
5650,60
5651,124
5652,20
5653,51
5654,97
5655,104
5656,116
5657,91
5658,124
5659,167
5660,173
5661,538
5662,167
5663,2005
5664,173
5665,399
5666,141
5667,576
5668,289
5669,464
5670,295
5671,242
5672,316
5673,178
5674,70
5675,101
5676,62
5677,46
5678,59
5679,71
5680,38
5681,117
5682,352
5683,288
5684,119
5685,220
5686,16
5687,188
5688,24
5689,205
5690,275
5691,133
5692,55
5693,80
5694,18
5695,36
5696,18
5697,53
5698,78
5699,48
5700,75
5701,116
5702,2
5703,2
5704,128
5705,489
5706,445
5707,96
5708,246
5709,75
5710,131
5711,70
5712,282
5713,326
5714,127
5715,100
5716,106
5717,57
5718,29
5719,56
5720,55
5721,75
5722,22
5723,438
5724,92
5725,1
5726,1
5727,383
5728,196
5729,182
5730,155
5731,368
5732,134
5733,74
5734,188
5735,230
5736,374
5737,224
5738,271
5739,691
5740,116
5741,62
5742,200
5743,220
5744,22
5745,55
5746,70
5747,67
5748,57
5749,547
5750,211
5751,551
5752,111
5753,1470
5754,243
5755,515
5756,264
5757,506
5758,560
5759,324
5760,237
5761,234
5762,305
5763,255
5764,116
5765,126
5766,61
5767,16
5768,100
5769,126
5770,19
5771,270
5772,68
5773,253
5774,196
5775,171
5776,106
5777,139
5778,72
5779,332
5780,196
5781,76
5782,54
5783,167
5784,40
5785,68
5786,81
5787,196
5788,42
5789,30
5790,62
5791,43
5792,2
5793,67
5794,93
5795,67
5796,32
5797,133
5798,50
5799,64
5800,76
5801,58
5802,54
5803,82
5804,79
5805,100
5806,46
5807,24
5808,29
5809,32
5810,17
5811,25
5812,73
5813,267
5814,11
5815,179
5816,151
5817,1193
5818,563
5819,228
5820,87
5821,221
5822,84
5823,829
5824,502
5825,58
5826,86
5827,61
5828,80
5829,166
5830,38
5831,119
5832,100
5833,1045
5834,147
5835,122
5836,126
5837,597
5838,671
5839,496
5840,185
5841,754
5842,237
5843,1739
5844,322
5845,343
5846,662
5847,823
5848,451
5849,389
5850,198
5851,97
5852,150
5853,217
5854,33
5855,158
5856,125
5857,83
5858,62
5859,166
5860,114
5861,312
5862,84
5863,336
5864,187
5865,328
5866,98
5867,424
5868,531
5869,214
5870,287
5871,157
5872,73
5873,184
5874,64
5875,149
5876,50
5877,32
5878,90
5879,96
5880,30
5881,138
5882,80
5883,336
5884,190
5885,744
5886,171
5887,257
5888,96
5889,295
5890,221
5891,195
5892,144
5893,139
5894,179
5895,292
5896,48
5897,66
5898,212
5899,14
5900,89
5901,14
5902,2
5903,67
5904,34
5905,50
5906,51
5907,105
5908,14
5909,118
5910,55
5911,123
5912,71
5913,76
5914,20
5915,27
5916,15
5917,17
5918,60
5919,37
5920,17
5921,287
5922,70
5923,95
5924,136
5925,230
5926,391
5927,494
5928,127
5929,270
5930,91
5931,777
5932,248
5933,308
5934,446
5935,406
5936,206
5937,276
5938,132
5939,103
5940,89
5941,97
5942,37
5943,264
5944,109
5945,110
5946,26
5947,445
5948,757
5949,887
5950,181
5951,342
5952,215
5953,1434
5954,377
5955,395
5956,759
5957,734
5958,350
5959,363
5960,218
5961,125
5962,96
5963,129
5964,46
5965,2
5966,16
5967,58
5968,18
5969,62
5970,24
5971,97
5972,142
5973,15
5974,18
5975,37
5976,15
5977,284
5978,86
5979,12
5980,16
5981,22
5982,14
5983,33
5984,16
5985,31
5986,15
5987,12
5988,49
5989,57
5990,11
5991,73
5992,17
5993,229
5994,112
5995,397
5996,109
5997,65
5998,44
5999,381
6000,200
6001,37
6002,80
6003,109
6004,41
6005,24
6006,35
6007,72
6008,20
6009,35
6010,119
6011,54
6012,29
6013,160
6014,109
6015,102
6016,38
6017,107
6018,63
6019,174
6020,69
6021,122
6022,148
6023,124
6024,84
6025,131
6026,54
6027,45
6028,86
6029,63
6030,62
6031,61
6032,304
6033,50
6034,24
6035,228
6036,262
6037,669
6038,219
6039,591
6040,573
6041,484
6042,170
6043,271
6044,686
6045,257
6046,195
6047,299
6048,136
6049,168
6050,111
6051,237
6052,253
6053,98
6054,108
6055,241
6056,5
6057,317
6058,102
6059,390
6060,128
6061,46
6062,39
6063,195
6064,91
6065,332
6066,266
6067,75
6068,34
6069,149
6070,142
6071,32
6072,18
6073,237
6074,38
6075,69
6076,120
6077,48
6078,36
6079,161
6080,125
6081,206
6082,72
6083,1518
6084,139
6085,323
6086,127
6087,151
6088,248
6089,358
6090,264
6091,231
6092,184
6093,200
6094,117
6095,69
6096,77
6097,142
6098,207
6099,82
6100,108
6101,348
6102,296
6103,374
6104,136
6105,1457
6106,232
6107,706
6108,220
6109,344
6110,444
6111,597
6112,549
6113,287
6114,324
6115,243
6116,150
6117,184
6118,117
6119,65
6120,14
6121,35
6122,149
6123,41
6124,63
6125,155
6126,86
6127,254
6128,17
6129,165
6130,31
6131,176
6132,175
6133,186
6134,65
6135,23
6136,49
6137,110
6138,17
6139,45
6140,78
6141,93
6142,98
6143,75
6144,97
6145,144
6146,153
6147,441
6148,145
6149,1572
6150,149
6151,374
6152,119
6153,470
6154,253
6155,398
6156,252
6157,194
6158,274
6159,152
6160,62
6161,81
6162,58
6163,38
6164,46
6165,53
6166,28
6167,97
6168,308
6169,243
6170,90
6171,182
6172,13
6173,172
6174,19
6175,175
6176,246
6177,107
6178,45
6179,72
6180,15
6181,29
6182,15
6183,46
6184,60
6185,37
6186,58
6187,76
6188,82
6189,313
6190,290
6191,62
6192,157
6193,55
6194,91
6195,53
6196,209
6197,215
6198,81
6199,66
6200,75
6201,45
6202,21
6203,44
6204,37
6205,53
6206,15
6207,353
6208,68
6209,2
6210,296
6211,153
6212,152
6213,124
6214,254
6215,110
6216,66
6217,141
6218,183
6219,288
6220,180
6221,203
6222,426
6223,85
6224,52
6225,138
6226,176
6227,17
6228,46
6229,58
6230,55
6231,45
6232,342
6233,141
6234,347
6235,70
6236,866
6237,159
6238,336
6239,176
6240,324
6241,327
6242,236
6243,154
6244,163
6245,221
6246,174
6247,78
6248,84
6249,40
6250,12
6251,70
6252,75
6253,15
6254,178
6255,47
6256,162
6257,127
6258,110
6259,64
6260,94
6261,48
6262,240
6263,130
6264,54
6265,37
6266,105
6267,29
6268,49
6269,57
6270,110
6271,28
6272,23
6273,49
6274,37
6275,2
6276,50
6277,63
6278,48
6279,25
6280,79
6281,38
6282,48
6283,50
6284,46
6285,41
6286,50
6287,54
6288,76
6289,36
6290,19
6291,23
6292,26
6293,15
6294,22
6295,62
6296,187
6297,9
6298,143
6299,114
6300,805
6301,377
6302,158
6303,64
6304,171
6305,66
6306,598
6307,351
6308,51
6309,65
6310,52
6311,63
6312,125
6313,31
6314,86
6315,87
6316,631
6317,110
6318,86
6319,91
6320,389
6321,451
6322,315
6323,130
6324,424
6325,157
6326,1318
6327,220
6328,244
6329,420
6330,544
6331,284
6332,248
6333,120
6334,67
6335,104
6336,133
6337,26
6338,165
6339,84
6340,76
6341,67
6342,109
6343,87
6344,307
6345,74
6346,394
6347,149
6348,324
6349,67
6350,440
6351,438
6352,213
6353,273
6354,138
6355,91
6356,215
6357,49
6358,116
6359,46
6360,35
6361,98
6362,106
6363,32
6364,144
6365,84
6366,369
6367,204
6368,858
6369,204
6370,282
6371,102
6372,302
6373,222
6374,215
6375,149
6376,143
6377,209
6378,355
6379,52
6380,76
6381,280
6382,15
6383,73
6384,14
6385,3
6386,54
6387,27
6388,42
6389,55
6390,92
6391,13
6392,96
6393,52
6394,104
6395,59
6396,68
6397,19
6398,26
6399,15
6400,19
6401,51
6402,37
6403,18
6404,338
6405,75
6406,105
6407,154
6408,241
6409,401
6410,562
6411,126
6412,323
6413,96
6414,780
6415,227
6416,339
6417,486
6418,452
6419,197
6420,265
6421,126
6422,110
6423,97
6424,95
6425,40
6426,335
6427,103
6428,109
6429,28
6430,465
6431,874
6432,1062
6433,190
6434,437
6435,225
6436,1788
6437,433
6438,457
6439,858
6440,877
6441,389
6442,436
6443,256
6444,142
6445,100
6446,134
6447,52
6448,3
6449,17
6450,57
6451,18
6452,55
6453,23
6454,73
6455,139
6456,18
6457,16
6458,31
6459,15
6460,246
6461,63
6462,13
6463,15
6464,23
6465,16
6466,32
6467,16
6468,28
6469,17
6470,12
6471,39
6472,45
6473,12
6474,55
6475,14
6476,171
6477,103
6478,388
6479,86
6480,47
6481,36
6482,323
6483,141
6484,29
6485,60
6486,82
6487,38
6488,23
6489,28
6490,56
6491,21
6492,33
6493,87
6494,48
6495,30
6496,124
6497,81
6498,85
6499,38
6500,96
6501,55
6502,126
6503,55
6504,99
6505,116
6506,102
6507,60
6508,103
6509,48
6510,45
6511,63
6512,58
6513,59
6514,53
6515,270
6516,49
6517,27
6518,158
6519,200
6520,538
6521,183
6522,525
6523,462
6524,405
6525,140
6526,225
6527,518
6528,226
6529,140
6530,265
6531,105
6532,164
6533,80
6534,197
6535,269
6536,101
6537,103
6538,256
6539,7
6540,326
6541,89
6542,412
6543,132
6544,50
6545,37
6546,176
6547,88
6548,335
6549,262
6550,70
6551,33
6552,151
6553,156
6554,35
6555,20
6556,244
6557,42
6558,78
6559,109
6560,49
6561,39
6562,147
6563,111
6564,191
6565,75
6566,1859
6567,127
6568,299
6569,116
6570,150
6571,230
6572,355
6573,222
6574,209
6575,180
6576,195
6577,138
6578,71
6579,83
6580,150
6581,202
6582,95
6583,110
6584,354
6585,267
6586,441
6587,152
6588,1803
6589,223
6590,809
6591,231
6592,364
6593,479
6594,636
6595,626
6596,290
6597,317
6598,259
6599,143
6600,184
6601,137
6602,76
6603,17
6604,41
6605,164
6606,42
6607,62
6608,175
6609,90
6610,292
6611,18
6612,171
6613,31
6614,199
6615,189
6616,193
6617,72
6618,26
6619,50
6620,128
6621,19
6622,44
6623,90
6624,117
6625,113
6626,99
6627,107
6628,151
6629,149
6630,539
6631,166
6632,1792
6633,156
6634,417
6635,131
6636,602
6637,291
6638,473
6639,271
6640,225
6641,311
6642,189
6643,73
6644,100
6645,72
6646,43
6647,44
6648,66
6649,31
6650,109
6651,294
6652,258
6653,101
6654,204
6655,15
6656,166
6657,20
6658,191
6659,247
6660,114
6661,45
6662,71
6663,17
6664,34
6665,16
6666,48
6667,73
6668,35
6669,45
6670,65
6671,2
6672,56
6673,249
6674,244
6675,53
6676,131
6677,45
6678,60
6679,40
6680,158
6681,166
6682,62
6683,49
6684,55
6685,41
6686,22
6687,38
6688,33
6689,51
6690,18
6691,298
6692,69
6693,2
6694,237
6695,121
6696,130
6697,117
6698,230
6699,102
6700,61
6701,121
6702,149
6703,230
6704,156
6705,166
6706,394
6707,85
6708,50
6709,124
6710,147
6711,18
6712,50
6713,45
6714,43
6715,45
6716,258
6717,87
6718,261
6719,54
6720,827
6721,136
6722,251
6723,136
6724,223
6725,260
6726,171
6727,114
6728,114
6729,180
6730,149
6731,56
6732,57
6733,36
6734,13
6735,62
6736,57
6737,14
6738,128
6739,40
6740,119
6741,98
6742,89
6743,49
6744,66
6745,37
6746,172
6747,85
6748,42
6749,31
6750,72
6751,24
6752,45
6753,51
6754,71
6755,27
6756,24
6757,40
6758,38
6759,3
6760,40
6761,52
6762,46
6763,29
6764,59
6765,34
6766,39
6767,40
6768,44
6769,38
6770,44
6771,45
6772,73
6773,36
6774,20
6775,23
6776,28
6777,18
6778,20
6779,47
6780,168
6781,9
6782,103
6783,80
6784,710
6785,358
6786,145
6787,58
6788,130
6789,52
6790,552
6791,301
6792,46
6793,49
6794,43
6795,59
6796,104
6797,29
6798,74
6799,78
6800,762
6801,118
6802,106
6803,99
6804,429
6805,514
6806,443
6807,152
6808,576
6809,183
6810,1459
6811,241
6812,273
6813,516
6814,647
6815,314
6816,281
6817,144
6818,85
6819,116
6820,151
6821,31
6822,156
6823,81
6824,74
6825,55
6826,125
6827,93
6828,341
6829,93
6830,419
6831,154
6832,291
6833,59
6834,411
6835,444
6836,215
6837,270
6838,144
6839,98
6840,223
6841,44
6842,106
6843,46
6844,31
6845,101
6846,98
6847,29
6848,132
6849,84
6850,351
6851,199
6852,879
6853,188
6854,274
6855,104
6856,274
6857,210
6858,208
6859,135
6860,128
6861,213
6862,352
6863,45
6864,76
6865,268
6866,13
6867,76
6868,13
6869,3
6870,45
6871,25
6872,41
6873,51
6874,93
6875,12
6876,80
6877,44
6878,100
6879,55
6880,64
6881,16
6882,21
6883,12
6884,16
6885,50
6886,37
6887,15
6888,294
6889,77
6890,103
6891,139
6892,225
6893,392
6894,550
6895,129
6896,328
6897,92
6898,735
6899,240
6900,351
6901,501
6902,450
6903,187
6904,261
6905,132
6906,111
6907,100
6908,96
6909,35
6910,290
6911,101
6912,111
6913,24
6914,473
6915,912
6916,1231
6917,188
6918,442
6919,233
6920,1795
6921,478
6922,465
6923,986
6924,868
6925,401
6926,429
6927,266
6928,143
6929,99
6930,140
6931,44
6932,3
6933,16
6934,56
6935,13
6936,48
6937,20
6938,69
6939,134
6940,16
6941,14
6942,27
6943,13
6944,220
6945,62
6946,12
6947,14
6948,18
6949,13
6950,28
6951,16
6952,26
6953,16
6954,10
6955,38
6956,50
6957,10
6958,51
6959,12
6960,179
6961,111
6962,374
6963,84
6964,42
6965,32
6966,329
6967,143
6968,26
6969,57
6970,77
6971,37
6972,23
6973,27
6974,63
6975,15
6976,34
6977,101
6978,51
6979,30
6980,130
6981,94
6982,100
6983,45
6984,105
6985,52
6986,128
6987,62
6988,120
6989,128
6990,119
6991,68
6992,123
6993,48
6994,49
6995,67
6996,61
6997,61
6998,50
6999,237
7000,44
7001,21
7002,141
7003,172
7004,517
7005,170
7006,498
7007,372
7008,353
7009,123
7010,195
7011,502
7012,191
7013,121
7014,235
7015,96
7016,158
7017,75
7018,191
7019,230
7020,92
7021,107
7022,237
7023,7
7024,298
7025,87
7026,394
7027,127
7028,45
7029,34
7030,146
7031,90
7032,319
7033,259
7034,62
7035,29
7036,132
7037,138
7038,32
7039,18
7040,241
7041,37
7042,83
7043,127
7044,43
7045,34
7046,162
7047,118
7048,222
7049,85
7050,2003
7051,129
7052,313
7053,128
7054,171
7055,269
7056,354
7057,235
7058,225
7059,206
7060,229
7061,179
7062,81
7063,87
7064,153
7065,194
7066,97
7067,106
7068,335
7069,272
7070,455
7071,148
7072,1907
7073,223
7074,757
7075,202
7076,347
7077,468
7078,658
7079,604
7080,313
7081,315
7082,265
7083,131
7084,176
7085,125
7086,78
7087,17
7088,43
7089,160
7090,41
7091,68
7092,184
7093,97
7094,314
7095,19
7096,165
7097,32
7098,225
7099,193
7100,203
7101,68
7102,26
7103,47
7104,136
7105,19
7106,46
7107,96
7108,115
7109,111
7110,103
7111,99
7112,147
7113,148
7114,489
7115,170
7116,1844
7117,152
7118,369
7119,133
7120,574
7121,258
7122,433
7123,254
7124,203
7125,283
7126,174
7127,68
7128,100
7129,61
7130,39
7131,41
7132,66
7133,24
7134,107
7135,281
7136,240
7137,99
7138,185
7139,14
7140,158
7141,19
7142,184
7143,245
7144,117
7145,42
7146,70
7147,16
7148,32
7149,14
7150,46
7151,69
7152,28
7153,36
7154,57
7155,1
7156,48
7157,207
7158,196
7159,43
7160,107
7161,35
7162,53
7163,31
7164,131
7165,133
7166,52
7167,40
7168,49
7169,34
7170,18
7171,28
7172,26
7173,43
7174,15
7175,301
7176,70
7177,230
7178,110
7179,122
7180,117
7181,194
7182,102
7183,45
7184,120
7185,120
7186,241
7187,153
7188,159
7189,396
7190,72
7191,47
7192,115
7193,144
7194,17
7195,41
7196,42
7197,37
7198,40
7199,234
7200,79
7201,229
7202,53
7203,787
7204,120
7205,203
7206,122
7207,200
7208,222
7209,152
7210,98
7211,100
7212,165
7213,139
7214,50
7215,59
7216,41
7217,11
7218,11
7219,57
7220,58
7221,130
7222,32
7223,118
7224,109
7225,85
7226,46
7227,64
7228,37
7229,170
7230,79
7231,38
7232,28
7233,74
7234,25
7235,42
7236,40
7237,78
7238,27
7239,18
7240,31
7241,33
7242,2
7243,27
7244,45
7245,35
7246,23
7247,50
7248,28
7249,31
7250,31
7251,35
7252,32
7253,37
7254,34
7255,65
7256,27
7257,15
7258,18
7259,23
7260,13
7261,17
7262,42
7263,154
7264,7
7265,88
7266,71
7267,653
7268,321
7269,129
7270,50
7271,117
7272,46
7273,498
7274,266
7275,38
7276,43
7277,36
7278,54
7279,101
7280,26
7281,71
7282,68
7283,811
7284,128
7285,117
7286,92
7287,475
7288,523
7289,477
7290,167
7291,671
7292,190
7293,1560
7294,262
7295,310
7296,632
7297,738
7298,343
7299,309
7300,155
7301,91
7302,132
7303,165
7304,26
